city_id,City,Country,Date,Lat,Lng,Max Temp,Humidity,Cloudiness,Wind Speed
0,Petropavlovsk-Kamchatskiy,RU,2023-01-13 13:45:36,53.0452,158.6483,257.48,78,0,2.0
1,Necochea,AR,2023-01-13 13:45:37,-38.5473,-58.7368,292.66,56,95,9.53
2,San Jose,US,2023-01-13 13:41:06,37.3394,-121.895,289.23,56,0,4.63
3,Smoky Lake,CA,2023-01-13 13:45:38,54.1169,-112.4686,257.55,92,73,1.03
4,Rikitea,PF,2023-01-13 13:45:38,-23.1203,-134.9692,298.71,76,13,8.34
5,Khatanga,RU,2023-01-13 13:45:38,71.9667,102.5,232.95,99,100,1.91
6,Jamestown,US,2023-01-13 13:41:46,42.097,-79.2353,271.49,75,100,4.12
7,Yellowknife,CA,2023-01-13 13:45:40,62.456,-114.3525,247.9,76,0,2.06
8,Bluff,NZ,2023-01-13 13:45:40,-46.6,168.3333,285.11,82,31,1.8
9,Jimeta,NG,2023-01-13 13:45:41,9.2833,12.4667,306.28,27,0,3.6
10,La Ronge,CA,2023-01-13 13:45:41,55.1001,-105.2842,259.29,85,100,1.03
11,Sisimiut,GL,2023-01-13 13:45:42,66.9395,-53.6735,259.71,84,99,6.3
12,Hobart,AU,2023-01-13 13:45:42,-42.8794,147.3294,289.96,89,52,1.54
13,Lebu,CL,2023-01-13 13:45:43,-37.6167,-73.65,289.07,71,7,7.07
14,Qaanaaq,GL,2023-01-13 13:45:43,77.484,-69.3632,256.49,92,100,2.31
15,Bela,IN,2023-01-13 13:45:44,25.9333,81.9833,290.92,58,3,2.29
16,Dikson,RU,2023-01-13 13:45:44,73.5069,80.5464,237.68,91,14,4.67
17,Kapaa,US,2023-01-13 13:45:45,22.0752,-159.319,291.59,90,0,2.57
18,Punta Arenas,CL,2023-01-13 13:43:00,-53.15,-70.9167,288.21,63,40,12.35
19,Kavieng,PG,2023-01-13 13:45:45,-2.5744,150.7967,300.79,74,89,3.1
20,Bredasdorp,ZA,2023-01-13 13:45:46,-34.5322,20.0403,298.63,45,0,8.19
21,Tuktoyaktuk,CA,2023-01-13 13:45:46,69.4541,-133.0374,250.13,78,100,5.51
22,Codrington,AU,2023-01-13 13:45:46,-38.2667,141.9667,289.69,79,2,3.48
23,Mar Del Plata,AR,2023-01-13 13:43:20,-38.0023,-57.5575,294.72,63,20,8.23
24,Vostok,RU,2023-01-13 13:45:47,46.4856,135.8833,252.33,100,98,1.77
25,Mataura,NZ,2023-01-13 13:45:47,-46.1927,168.8643,280.88,98,51,0.42
26,Lanxi,CN,2023-01-13 13:45:48,29.2195,119.477,290.42,96,84,0.97
27,Coruripe,BR,2023-01-13 13:45:48,-10.1256,-36.1756,303.03,61,63,5.76
28,Tura,IN,2023-01-13 13:45:49,25.5198,90.2201,288.3,43,0,1.17
29,Avarua,CK,2023-01-13 13:45:49,-21.2078,-159.775,297.18,78,100,1.54
30,Bambous Virieux,MU,2023-01-13 13:45:49,-20.3428,57.7575,301.29,65,40,5.14
31,Kalmunai,LK,2023-01-13 13:45:50,7.4167,81.8167,297.57,76,89,3.44
32,Sur,OM,2023-01-13 13:45:50,22.5667,59.5289,292.24,48,1,8.2
33,Kirakira,SB,2023-01-13 13:45:51,-10.4544,161.9205,299.26,85,100,3.03
34,Upernavik,GL,2023-01-13 13:45:51,72.7868,-56.1549,255.03,69,100,2.93
35,Asyut,EG,2023-01-13 13:45:51,27.181,31.1837,292.25,38,31,4.13
36,Butaritari,KI,2023-01-13 13:45:52,3.0707,172.7902,300.13,81,17,6.48
37,College,US,2023-01-13 13:45:52,64.8569,-147.8028,254.12,76,75,1.54
38,Busselton,AU,2023-01-13 13:45:53,-33.65,115.3333,288.9,67,2,8.76
39,Benxi,CN,2023-01-13 13:45:53,41.2886,123.765,266.33,69,100,6.5
40,Gat,IL,2023-01-13 13:45:53,31.61,34.7642,290.53,28,100,3.92
41,Vodnyy,RU,2023-01-13 13:45:54,63.5046,53.4095,265.32,92,100,4.75
42,Faanui,PF,2023-01-13 13:45:54,-16.4833,-151.75,300.39,77,100,11.42
43,Asau,RO,2023-01-13 13:45:54,46.4333,26.4,271.66,78,95,1.68
44,Hamilton,US,2023-01-13 13:45:31,39.1834,-84.5333,275.86,80,100,6.17
45,Jacobina,BR,2023-01-13 13:46:55,-11.1806,-40.5183,300.43,60,93,2.33
46,Albany,US,2023-01-13 13:46:27,42.6001,-73.9662,279.67,94,100,2.08
47,Hithadhoo,MV,2023-01-13 13:46:55,-0.6,73.0833,300.47,63,100,4.51
48,Porto Walter,BR,2023-01-13 13:46:56,-8.2686,-72.7439,300.54,64,100,2.54
49,Hudson Bay,CA,2023-01-13 13:46:56,52.85,-102.3842,260.12,97,99,1.19
50,Boyolangu,ID,2023-01-13 13:46:57,-8.1181,111.8935,297.69,82,68,1.38
51,Vaini,TO,2023-01-13 13:46:57,-21.2,-175.2,299.24,94,40,1.03
52,Ushuaia,AR,2023-01-13 13:45:13,-54.8,-68.3,286.96,62,75,4.63
53,Talnakh,RU,2023-01-13 13:46:57,69.4865,88.3972,234.38,90,20,3.15
54,Hermanus,ZA,2023-01-13 13:46:58,-34.4187,19.2345,297.48,67,0,5.61
55,Pasighat,IN,2023-01-13 13:46:58,28.0667,95.3333,288.28,67,12,2.13
56,Westport,US,2023-01-13 13:46:58,41.1415,-73.3579,284.99,90,100,8.23
57,Mahebourg,MU,2023-01-13 13:46:59,-20.4081,57.7,301.31,65,40,5.14
58,Opuwo,NA,2023-01-13 13:46:59,-18.0607,13.84,305.98,24,86,4.78
59,Bereda,ES,2023-01-13 13:47:00,43.2686,-7.5406,288.94,92,87,2.0
60,Souillac,MU,2023-01-13 13:47:00,-20.5167,57.5167,301.36,65,40,5.14
61,Kralendijk,BQ,2023-01-13 13:47:00,12.15,-68.2667,301.14,74,75,7.2
62,Maniitsoq,GL,2023-01-13 13:47:01,65.4167,-52.9,259.98,93,100,8.11
63,Nikolskoye,RU,2023-01-13 13:47:01,59.7035,30.7861,275.09,98,100,4.07
64,Arraial Do Cabo,BR,2023-01-13 13:42:24,-22.9661,-42.0278,304.13,70,75,4.63
65,Krasnyy Chikoy,RU,2023-01-13 13:47:02,50.3643,108.7512,242.24,98,5,0.87
66,Barrow,US,2023-01-13 13:47:02,71.2906,-156.7887,254.16,78,100,12.35
67,Atar,MR,2023-01-13 13:47:02,20.5169,-13.0499,300.98,12,0,6.49
68,Narsaq,GL,2023-01-13 13:47:03,60.9167,-46.05,260.27,79,23,2.78
69,Ribeira Grande,PT,2023-01-13 13:47:04,38.5167,-28.7,291.37,88,40,10.8
70,Chokurdakh,RU,2023-01-13 13:47:04,70.6333,147.9167,240.43,97,100,3.43
71,Belvedere Marittimo,IT,2023-01-13 13:47:05,39.6179,15.8617,285.53,67,87,2.18
72,Thompson,CA,2023-01-13 13:47:05,55.7435,-97.8558,264.24,92,100,4.12
73,Eenhana,NA,2023-01-13 13:47:06,-17.4667,16.3333,307.03,22,87,3.59
74,Kasese,UG,2023-01-13 13:47:06,0.1833,30.0833,302.21,37,38,1.64
75,Kodiak,US,2023-01-13 13:47:07,57.79,-152.4072,276.88,93,100,7.2
76,Aklavik,CA,2023-01-13 13:47:07,68.2191,-135.0107,245.95,97,77,4.45
77,Cidreira,BR,2023-01-13 13:47:07,-30.1811,-50.2056,300.38,69,59,3.04
78,Martil,MA,2023-01-13 13:43:05,35.6166,-5.2752,294.13,60,40,0.51
79,The Pas,CA,2023-01-13 13:47:08,53.8251,-101.2541,262.16,92,100,3.6
80,Richards Bay,ZA,2023-01-13 13:47:08,-28.783,32.0377,304.5,56,49,7.83
81,Vila Velha,BR,2023-01-13 13:42:19,-20.3297,-40.2925,304.12,70,40,4.63
82,Gigmoto,PH,2023-01-13 13:47:09,13.7796,124.39,296.84,97,100,5.07
83,New Norfolk,AU,2023-01-13 13:47:09,-42.7826,147.0587,289.77,92,54,0.44
84,Port Alfred,ZA,2023-01-13 13:47:09,-33.5906,26.891,298.25,72,20,3.13
85,Cherskiy,RU,2023-01-13 13:47:10,68.75,161.3,238.46,99,100,2.32
86,Fereydun Kenar,IR,2023-01-13 13:47:10,36.6864,52.5225,279.13,63,8,2.67
87,Senneterre,CA,2023-01-13 13:47:11,48.3835,-77.2328,260.12,92,100,5.17
88,Ixtapa,MX,2023-01-13 13:47:11,20.7,-105.2,291.72,68,0,3.09
89,Severo-Kurilsk,RU,2023-01-13 13:47:11,50.6789,156.125,267.35,83,100,3.38
90,Nome,US,2023-01-13 13:48:12,64.5011,-165.4064,260.19,72,100,3.6
91,Kruisfontein,ZA,2023-01-13 13:48:12,-34.0033,24.7314,296.97,54,5,5.84
92,Teahupoo,PF,2023-01-13 13:48:13,-17.8333,-149.2667,298.13,82,100,10.68
93,Escanaba,US,2023-01-13 13:48:13,45.7453,-87.0646,269.79,89,100,2.24
94,Inuvik,CA,2023-01-13 13:48:13,68.3499,-133.7218,252.57,81,100,3.6
95,Atuona,PF,2023-01-13 13:48:14,-9.8,-139.0333,298.32,75,100,4.56
96,Geraldton,AU,2023-01-13 13:47:15,-28.7667,114.6,294.38,78,40,10.29
97,Omsukchan,RU,2023-01-13 13:48:14,62.5333,155.8,243.86,96,100,2.86
98,Cockburn Town,TC,2023-01-13 13:45:27,21.4612,-71.1419,298.19,77,53,8.23
99,Mananjary,MG,2023-01-13 13:48:15,-21.2167,48.3333,298.58,86,100,2.8
100,Tuatapere,NZ,2023-01-13 13:48:15,-46.1333,167.6833,282.96,93,26,1.09
101,Georgetown,MY,2023-01-13 13:45:00,5.4112,100.3354,302.12,80,20,2.57
102,Chifeng,CN,2023-01-13 13:48:16,42.2683,118.9636,260.36,57,96,5.51
103,Airai,TL,2023-01-13 13:48:16,-8.9266,125.4092,289.86,96,100,0.14
104,Mount Isa,AU,2023-01-13 13:48:17,-20.7333,139.5,300.02,69,75,4.12
105,Hefei,CN,2023-01-13 13:48:17,31.8639,117.2808,281.16,100,100,5.0
106,Half Moon Bay,US,2023-01-13 13:45:35,37.4636,-122.4286,289.43,63,100,12.35
107,Lamar,US,2023-01-13 13:43:44,33.6668,-95.5836,273.91,84,0,3.09
108,Alice Springs,AU,2023-01-13 13:48:18,-23.7,133.8833,304.38,40,30,1.54
109,Bethel,US,2023-01-13 13:47:45,41.3712,-73.414,285.39,86,100,3.6
110,East London,ZA,2023-01-13 13:48:14,-33.0153,27.9116,297.67,73,75,6.17
111,Japura,ID,2023-01-13 13:48:19,-0.3167,102.35,296.87,99,100,0.7
112,Clyde River,CA,2023-01-13 13:48:19,70.4692,-68.5914,249.28,70,20,2.57
113,Juneau,US,2023-01-13 13:47:48,58.3019,-134.4197,274.38,97,100,0.0
114,Gornopravdinsk,RU,2023-01-13 13:48:20,60.05,69.9,260.02,95,100,3.97
115,Miri,MY,2023-01-13 13:48:20,4.4148,114.0089,301.23,78,40,2.06
116,Gaoual,GN,2023-01-13 13:48:20,11.75,-13.2,312.01,10,5,0.21
117,Tasiilaq,GL,2023-01-13 13:48:21,65.6145,-37.6368,260.24,66,100,2.03
118,Cape Town,ZA,2023-01-13 13:46:31,-33.9258,18.4232,300.43,46,20,4.12
119,Okhotsk,RU,2023-01-13 13:48:21,59.3833,143.3,241.19,78,35,7.24
120,Isangel,VU,2023-01-13 13:48:22,-19.55,169.2667,297.78,79,10,3.95
121,Jutai,BR,2023-01-13 13:48:22,-5.1833,-68.9,294.87,97,100,1.26
122,Katsuura,JP,2023-01-13 13:48:23,35.1333,140.3,289.05,76,100,10.43
123,Kahului,US,2023-01-13 13:48:23,20.8947,-156.47,293.06,88,40,2.06
124,Port Lincoln,AU,2023-01-13 13:45:54,-34.7333,135.8667,296.14,58,0,3.31
125,Touros,BR,2023-01-13 13:48:24,-5.1989,-35.4608,303.2,60,18,5.56
126,Kirkwall,GB,2023-01-13 13:48:24,58.9848,-2.9587,279.18,81,20,3.6
127,Linqiong,CN,2023-01-13 13:48:25,30.4159,103.4609,284.05,81,100,3.5
128,Hajnowka,PL,2023-01-13 13:48:25,52.7433,23.5812,278.04,82,100,5.21
129,Manjacaze,MZ,2023-01-13 13:48:25,-24.7117,33.8828,302.63,60,62,5.39
130,Krasnokamensk,RU,2023-01-13 13:48:26,50.0979,118.0369,239.21,98,7,2.04
131,Ponta Do Sol,PT,2023-01-13 13:48:26,32.6667,-17.1,293.71,69,2,2.08
132,Jicaro Galan,HN,2023-01-13 13:48:27,13.5317,-87.4389,299.19,59,83,1.26
133,Hilo,US,2023-01-13 13:48:27,19.7297,-155.09,295.53,75,0,3.6
134,Aden,YE,2023-01-13 13:48:27,12.7794,45.0367,298.82,68,98,7.24
135,Ilulissat,GL,2023-01-13 13:48:28,69.2167,-51.1,256.16,46,20,6.69
136,Nanortalik,GL,2023-01-13 13:48:28,60.1432,-45.2371,262.95,81,41,4.8
137,Alofi,NU,2023-01-13 13:49:29,-19.0595,-169.9187,296.09,94,40,1.03
138,The Valley,AI,2023-01-13 13:49:29,18.217,-63.0578,299.87,73,40,7.2
139,Ust-Omchug,RU,2023-01-13 13:49:30,61.15,149.6333,237.98,98,100,2.61
140,Batagay,RU,2023-01-13 13:49:30,67.6333,134.6333,235.99,99,100,0.6
141,Portland,US,2023-01-13 13:37:31,45.5234,-122.6762,284.4,90,100,2.24
142,Saldanha,ZA,2023-01-13 13:49:31,-33.0117,17.9442,299.18,73,41,6.6
143,Lakes Entrance,AU,2023-01-13 13:49:31,-37.8811,147.981,293.24,97,8,1.96
144,Saint-Philippe,RE,2023-01-13 13:49:31,-21.3585,55.7679,299.92,79,84,4.89
145,Comodoro Rivadavia,AR,2023-01-13 13:49:32,-45.8667,-67.5,293.07,45,0,8.75
146,Pangnirtung,CA,2023-01-13 13:49:32,66.1451,-65.7125,249.15,77,40,1.54
147,Yar-Sale,RU,2023-01-13 13:49:33,66.8333,70.8333,251.26,98,100,6.54
148,Iqaluit,CA,2023-01-13 13:49:33,63.7506,-68.5145,250.2,76,75,10.29
149,Jvari,GE,2023-01-13 13:49:33,42.7169,42.052,279.91,63,4,1.98
150,Jawhar,SO,2023-01-13 13:49:34,2.7809,45.5005,303.38,42,16,9.6
151,Pedernales,DO,2023-01-13 13:49:34,18.0384,-71.744,299.11,67,3,0.91
152,Bouca,CF,2023-01-13 13:49:35,6.5105,18.2733,309.44,11,0,1.55
153,Norman Wells,CA,2023-01-13 13:49:35,65.282,-126.8329,254.17,71,40,6.69
154,Cuiluan,CN,2023-01-13 13:49:36,47.72,128.648,251.56,76,100,3.05
155,Alyangula,AU,2023-01-13 13:49:36,-13.8483,136.4192,301.17,79,100,4.35
156,Koumac,NC,2023-01-13 13:49:36,-20.5667,164.2833,297.83,80,3,2.42
157,Ancud,CL,2023-01-13 13:49:37,-41.8697,-73.8203,286.12,74,51,0.65
158,Tazovskiy,RU,2023-01-13 13:49:37,67.4667,78.7,237.78,98,95,4.95
159,Methoni,GR,2023-01-13 13:49:37,36.8197,21.7049,289.07,61,2,5.05
160,Katobu,ID,2023-01-13 13:49:38,-4.9408,122.5276,297.92,86,52,1.67
161,Krasnoselkup,RU,2023-01-13 13:49:38,65.7,82.4667,239.08,97,60,4.29
162,Abu Zabad,SD,2023-01-13 13:49:38,12.35,29.25,301.61,14,62,6.22
163,Cabo San Lucas,MX,2023-01-13 13:46:51,22.8909,-109.9124,293.99,64,0,2.06
164,Barras,BR,2023-01-13 13:49:39,-4.2444,-42.2944,306.46,41,36,2.15
165,Preobrazheniye,RU,2023-01-13 13:49:39,42.9019,133.9064,273.61,88,20,3.09
166,Constitucion,CL,2023-01-13 13:49:40,-35.3333,-72.4167,293.12,50,5,3.62
167,Karratha,AU,2023-01-13 13:49:40,-20.7377,116.8463,304.22,52,6,2.9
168,Polahongon,PH,2023-01-13 13:49:41,10.5288,124.9694,295.62,98,98,0.71
169,Vieques,PR,2023-01-13 13:49:41,18.425,-65.8329,300.17,78,40,4.12
170,San Blas,MX,2023-01-13 13:49:41,21.5167,-105.2667,292.76,52,0,1.88
171,Flers,FR,2023-01-13 13:49:42,48.7372,-0.5747,282.29,81,89,5.87
172,Kloulklubed,PW,2023-01-13 13:49:42,7.0419,134.2556,296.43,76,100,2.56
173,Kilindoni,TZ,2023-01-13 13:49:42,-7.9139,39.6668,301.74,70,53,5.64
174,Eyl,SO,2023-01-13 13:49:43,7.9803,49.8164,299.43,55,87,10.21
175,Hasaki,JP,2023-01-13 13:49:43,35.7333,140.8333,281.6,75,100,9.34
176,Puerto Ayora,EC,2023-01-13 13:49:43,-0.7393,-90.3518,296.23,95,98,3.13
177,Tabou,CI,2023-01-13 13:46:12,4.423,-7.3528,302.73,59,100,3.75
178,Erzin,TR,2023-01-13 13:49:44,36.9559,36.2,284.28,41,100,2.42
179,Gobabis,NA,2023-01-13 13:49:44,-22.45,18.9667,306.67,10,10,6.73
180,Padang,ID,2023-01-13 13:49:44,-0.9492,100.3543,298.18,86,100,1.06
181,Laguna,US,2023-01-13 13:49:45,38.421,-121.4238,289.23,64,0,3.6
182,Charters Towers,AU,2023-01-13 13:49:45,-20.1,146.2667,295.4,94,100,4.21
183,Broken Hill,AU,2023-01-13 13:49:45,-31.95,141.4333,303.06,24,75,3.08
184,Kainantu,PG,2023-01-13 13:50:46,-6.2887,145.8655,288.85,96,100,0.99
185,Canala,NC,2023-01-13 13:50:46,-21.5333,165.95,296.82,81,78,3.24
186,Presidencia Roque Saenz Pena,AR,2023-01-13 13:50:46,-26.7852,-60.4388,293.11,95,100,2.61
187,Luderitz,NA,2023-01-13 13:50:47,-26.6481,15.1594,296.87,60,8,12.1
188,Hit,IQ,2023-01-13 13:50:47,33.6416,42.8251,285.6,40,80,1.59
189,Pishin,PK,2023-01-13 13:50:47,30.5803,66.9961,270.76,46,0,1.57
190,Esmeraldas,BR,2023-01-13 13:50:48,-19.7625,-44.3139,302.21,73,95,2.49
191,Bubaque,GW,2023-01-13 13:50:48,11.2833,-15.8333,298.53,54,1,1.3
192,Viedma,AR,2023-01-13 13:50:31,-40.8135,-62.9967,297.7,27,0,6.3
193,San Policarpo,PH,2023-01-13 13:50:48,12.1791,125.5072,297.5,95,100,2.25
194,Rawah,IQ,2023-01-13 13:50:49,34.4816,41.9093,284.09,38,59,2.85
195,Washington,US,2023-01-13 13:50:49,47.5001,-120.5015,276.67,95,100,1.09
196,Youkounkoun,GN,2023-01-13 13:50:49,12.5333,-13.1333,310.92,9,4,1.68
197,Esperance,AU,2023-01-13 13:50:50,-33.8667,121.9,292.13,87,2,6.22
198,Nicoya,CR,2023-01-13 13:50:50,10.1483,-85.452,298.3,73,100,5.08
199,Forio,IT,2023-01-13 13:50:50,40.7342,13.8646,288.05,77,92,0.89
200,Natitingou,BJ,2023-01-13 13:50:51,10.3042,1.3796,306.55,12,95,1.62
201,San Andres,CO,2023-01-13 13:48:38,12.5847,-81.7006,300.16,78,40,5.66
202,Zambezi,ZM,2023-01-13 13:50:51,-13.5432,23.1047,291.42,96,100,3.27
203,Gemena,CD,2023-01-13 13:50:51,3.25,19.7667,308.81,15,11,1.84
204,Turukhansk,RU,2023-01-13 13:50:52,65.8167,87.9833,235.52,88,47,3.58
205,Chalus,IR,2023-01-13 13:50:52,36.655,51.4204,282.85,50,20,2.06
206,Meulaboh,ID,2023-01-13 13:50:52,4.1363,96.1285,298.51,86,96,1.28
207,Baghdad,IQ,2023-01-13 13:45:34,33.3406,44.4009,288.1,51,20,3.09
208,Komsomolskiy,UZ,2023-01-13 13:50:53,40.4272,71.7189,262.55,73,75,2.06
209,Umm Kaddadah,SD,2023-01-13 13:50:53,13.6017,26.6876,299.72,12,12,5.97
210,Oranjestad,AW,2023-01-13 13:50:54,12.524,-70.027,301.43,79,3,2.68
211,Pinawa,CA,2023-01-13 13:50:54,50.1489,-95.8811,258.02,96,61,3.33
212,Alushta,UA,2023-01-13 13:48:22,44.6667,34.4167,280.31,72,84,2.44
213,Mananara,MG,2023-01-13 13:50:54,-16.1667,49.7667,300.61,73,97,3.21
214,Fujin,CN,2023-01-13 13:50:55,47.26,132.0322,253.54,75,99,9.48
215,Odweyne,SO,2023-01-13 13:50:55,9.4092,45.064,298.3,27,45,5.22
216,Tombouctou,ML,2023-01-13 13:50:55,20.0,-3.0,300.35,9,74,4.28
217,Saint George,US,2023-01-13 13:47:43,37.1041,-113.5841,275.48,80,0,1.54
218,Zhangye,CN,2023-01-13 13:50:56,38.9342,100.4517,260.39,55,100,0.56
219,Bonthe,SL,2023-01-13 13:50:56,7.5264,-12.505,303.98,54,10,5.24
220,Soavinandriana,MG,2023-01-13 13:50:56,-19.1667,46.7333,292.61,84,100,1.15
221,Garowe,SO,2023-01-13 13:50:57,8.4054,48.4845,300.49,33,71,8.59
222,Rio Gallegos,AR,2023-01-13 13:50:50,-51.6226,-69.2181,294.18,35,75,8.75
223,Grootfontein,NA,2023-01-13 13:50:57,-19.5667,18.1167,306.91,17,20,4.12
224,Quelimane,MZ,2023-01-13 13:50:58,-17.8786,36.8883,302.12,70,75,4.63
225,Vanimo,PG,2023-01-13 13:50:58,-2.6741,141.3028,298.82,86,100,0.24
226,Pevek,RU,2023-01-13 13:50:58,69.7008,170.3133,241.46,99,43,0.46
227,Khotyn,UA,2023-01-13 13:50:58,48.4833,26.5,276.41,85,75,3.08
228,Loandjili,CG,2023-01-13 13:50:59,-4.7561,11.8578,300.63,72,45,4.51
229,Yulara,AU,2023-01-13 13:50:59,-25.2406,130.9889,303.24,31,2,2.57
230,Berdigestyakh,RU,2023-01-13 13:50:59,62.0989,126.6992,228.03,100,100,0.52
231,Husavik,IS,2023-01-13 13:52:00,66.0449,-17.3389,262.48,92,64,4.62
232,Dingle,PH,2023-01-13 13:52:00,10.9995,122.6711,296.73,93,100,4.32
233,Gelendzhik,RU,2023-01-13 13:52:00,44.5731,38.0747,277.48,62,98,1.85
234,Coihaique,CL,2023-01-13 13:52:01,-45.5752,-72.0662,288.49,58,75,2.57
235,Port Elizabeth,ZA,2023-01-13 13:52:01,-33.918,25.5701,298.31,62,0,6.17
236,Ostrovnoy,RU,2023-01-13 13:52:02,68.0531,39.5131,272.74,88,100,9.64
237,Vanavara,RU,2023-01-13 13:52:02,60.34,102.2797,246.62,99,100,0.73
238,Urumqi,CN,2023-01-13 13:52:03,43.801,87.6005,251.68,84,0,1.0
239,Barranco,PA,2023-01-13 13:52:04,9.5167,-82.7,297.54,74,22,0.95
240,New Castle,US,2023-01-13 13:52:05,41.0037,-80.347,273.87,90,100,6.17
241,Marzuq,YE,2023-01-13 13:52:05,14.4,46.4667,295.43,40,94,5.99
242,Namibe,AO,2023-01-13 13:52:06,-15.1961,12.1522,301.5,61,40,5.66
243,Tiksi,RU,2023-01-13 13:52:07,71.6872,128.8694,236.63,90,100,2.79
244,Tavricheskoye,RU,2023-01-13 13:52:08,54.5851,73.6395,259.1,98,60,3.59
245,Torbay,CA,2023-01-13 13:52:08,47.6666,-52.7314,267.91,88,75,5.66
246,Huangzhai,CN,2023-01-13 13:52:09,38.0751,112.6595,272.38,90,100,4.51
247,Svetlaya,RU,2023-01-13 13:52:09,46.5389,138.3297,267.89,64,100,4.55
248,Ola,RU,2023-01-13 13:51:04,59.5833,151.2833,251.31,96,100,2.2
249,Sonoita,MX,2023-01-13 13:52:11,31.85,-112.8333,285.82,37,18,1.13
250,Bengkulu,ID,2023-01-13 13:52:12,-3.8004,102.2655,298.37,85,45,1.69
251,Jalu,LY,2023-01-13 13:52:13,29.0331,21.5482,292.42,49,85,8.04
252,Bogorodskoye,RU,2023-01-13 13:52:13,56.55,37.8833,266.57,91,98,5.63
253,Duku,NG,2023-01-13 13:52:14,11.2361,4.9073,307.02,10,19,1.92
254,Vao,NC,2023-01-13 13:52:15,-22.6667,167.4833,298.08,64,42,5.65
255,Ferkessedougou,CI,2023-01-13 13:52:16,9.6,-5.2,308.63,10,27,2.86
256,Mandalgovi,MN,2023-01-13 13:52:17,45.7625,106.2708,252.84,47,0,2.15
257,Bella Union,UY,2023-01-13 13:52:18,-30.2752,-57.6007,296.38,66,100,3.27
258,Muroto,JP,2023-01-13 13:52:18,33.2833,134.15,290.09,91,100,9.25
259,Ketchikan,US,2023-01-13 13:52:19,55.3422,-131.6461,279.41,87,100,1.54
260,San Jacinto,US,2023-01-13 13:52:19,33.7839,-116.9586,288.76,27,100,0.16
261,Longyearbyen,SJ,2023-01-13 13:52:20,78.2186,15.6401,272.06,64,75,8.23
262,Ouallam,NE,2023-01-13 13:52:20,14.3188,2.0866,301.99,10,100,5.3
263,Waipawa,NZ,2023-01-13 13:52:21,-41.4122,175.5153,282.89,90,21,0.29
264,Chara,RU,2023-01-13 13:52:21,56.9064,118.2631,239.72,73,79,1.33
265,Lasa,IT,2023-01-13 13:52:22,46.6166,10.7002,280.64,80,66,1.19
266,Qala,AZ,2023-01-13 13:52:22,40.4418,50.1681,278.09,65,100,6.17
267,Saskylakh,RU,2023-01-13 13:52:23,71.9167,114.0833,225.98,99,64,1.62
268,Novyy Urengoy,RU,2023-01-13 13:52:23,66.0833,76.6333,244.12,98,100,4.94
269,Sheopur,IN,2023-01-13 13:52:24,25.6667,76.7,290.73,41,1,1.89
270,Kailua,US,2023-01-13 13:52:24,21.4022,-157.7394,293.39,77,8,3.01
271,Serowe,BW,2023-01-13 13:52:25,-22.3833,26.7167,303.83,26,8,6.51
272,Wagga Wagga,AU,2023-01-13 13:52:25,-35.1167,147.3667,300.97,52,12,2.24
273,Kuala Terengganu,MY,2023-01-13 13:52:26,5.3302,103.1408,300.12,89,40,1.03
274,Cuenca,EC,2023-01-13 13:50:05,-2.8833,-78.9833,285.22,94,75,0.0
275,La Rioja,ES,2023-01-13 13:52:26,42.25,-2.5,281.03,60,3,2.16
276,Verkh-Suetka,RU,2023-01-13 13:52:26,53.3,80.05,260.02,94,100,6.24
277,Koumra,TD,2023-01-13 13:53:27,8.9126,17.5539,308.69,11,0,1.64
278,Murwillumbah,AU,2023-01-13 13:53:27,-28.3167,153.4,296.55,78,75,2.57
279,Capinopolis,BR,2023-01-13 13:53:28,-18.6819,-49.5697,294.74,91,100,2.49
280,Shishou,CN,2023-01-13 13:53:29,29.7226,112.419,282.81,76,100,8.85
281,Makakilo City,US,2023-01-13 13:53:29,21.3469,-158.0858,292.58,85,0,0.0
282,Vila Franca Do Campo,PT,2023-01-13 13:53:29,37.7167,-25.4333,291.38,88,100,6.85
283,Lukovetskiy,RU,2023-01-13 13:53:30,64.2956,41.9211,269.77,96,100,3.86
284,Kamuli,UG,2023-01-13 13:53:31,0.9472,33.1197,304.08,27,24,2.05
285,Sumbe,AO,2023-01-13 13:53:31,-11.2061,13.8437,298.72,79,100,3.07
286,Safaga,EG,2023-01-13 13:53:32,26.7292,33.9365,292.41,40,89,3.64
287,Guerrero Negro,MX,2023-01-13 13:53:32,27.9769,-114.0611,287.18,57,53,0.92
288,Salalah,OM,2023-01-13 13:53:32,17.0151,54.0924,297.11,73,11,4.12
289,Kyzyl-Suu,KG,2023-01-13 13:53:33,42.3414,78.0056,257.45,68,86,3.12
290,Formosa,AR,2023-01-13 13:53:33,-26.1775,-58.1781,294.14,94,100,5.14
291,Mezen,RU,2023-01-13 13:53:33,65.8522,44.24,268.17,93,100,4.84
292,Anloga,GH,2023-01-13 13:53:34,5.7947,0.8973,302.21,62,65,4.99
293,Akdepe,TM,2023-01-13 13:53:34,42.0551,59.3788,266.2,38,0,5.58
294,San Carlos,VE,2023-01-13 13:53:34,9.6612,-68.5827,302.11,54,65,1.03
295,Kavaratti,IN,2023-01-13 13:53:35,10.5669,72.642,300.35,65,99,5.79
296,Saint-Pierre,RE,2023-01-13 13:53:35,-21.3393,55.4781,299.97,69,100,9.26
297,Coquimbo,CL,2023-01-13 13:53:35,-29.9533,-71.3436,291.0,72,75,1.03
298,Maragogi,BR,2023-01-13 13:53:36,-9.0122,-35.2225,301.98,67,24,4.71
299,Sananduva,BR,2023-01-13 13:53:36,-27.9497,-51.8067,302.8,41,8,3.77
300,Carnarvon,AU,2023-01-13 13:53:36,-24.8667,113.6333,296.82,72,0,11.85
301,Korla,CN,2023-01-13 13:53:37,41.7597,86.1469,261.69,84,25,1.75
302,Kharp,RU,2023-01-13 13:53:37,66.8014,65.8081,254.56,98,100,0.46
303,Hofn,IS,2023-01-13 13:53:37,64.2539,-15.2082,271.16,59,40,5.14
304,Castro,BR,2023-01-13 13:50:39,-24.7911,-50.0119,298.38,61,96,3.4
305,Baturaja,ID,2023-01-13 13:53:38,-4.1333,104.1667,296.56,94,64,1.12
306,Sistranda,NO,2023-01-13 13:53:38,63.7256,8.834,272.13,75,93,4.15
307,Lesogorsk,RU,2023-01-13 13:53:38,56.0458,99.5136,259.38,95,100,3.42
308,Goma,CD,2023-01-13 13:53:39,-1.6792,29.2228,291.86,85,92,1.72
309,Ardakan,IR,2023-01-13 13:53:39,32.31,54.0175,276.34,36,0,2.21
310,Komoro,JP,2023-01-13 13:53:39,36.3167,138.4333,281.52,93,99,2.56
311,Nara,JP,2023-01-13 13:53:40,34.6851,135.8049,284.21,33,100,1.46
312,Skjervoy,NO,2023-01-13 13:53:40,70.0311,20.9714,271.15,82,100,6.51
313,Berlevag,NO,2023-01-13 13:53:40,70.8578,29.0864,275.15,74,0,7.2
314,Port Blair,IN,2023-01-13 13:53:41,11.6667,92.75,300.17,78,40,1.54
315,Shimoda,JP,2023-01-13 13:53:41,34.6667,138.95,285.43,88,99,8.01
316,Grand-Bourg,GP,2023-01-13 13:53:42,15.8835,-61.3148,300.12,70,8,8.51
317,Were Ilu,ET,2023-01-13 13:53:42,10.6,39.4333,288.95,36,62,5.71
318,Thayetmyo,MM,2023-01-13 13:53:42,19.3167,95.1833,293.77,38,0,1.14
319,Teknaf,BD,2023-01-13 13:53:43,20.8624,92.3058,292.64,58,0,4.21
320,Ust-Kuyga,RU,2023-01-13 13:53:43,70.0167,135.6,238.45,99,100,0.94
321,Puerto El Triunfo,SV,2023-01-13 13:53:43,13.2833,-88.55,299.7,62,43,2.12
322,Taicheng,CN,2023-01-13 13:54:44,38.731,113.228,266.23,90,100,3.6
323,Bilibino,RU,2023-01-13 13:54:44,68.0546,166.4372,238.33,98,89,1.16
324,Sechura,PE,2023-01-13 13:54:44,-5.5569,-80.8222,295.55,67,99,3.58
325,Avera,US,2023-01-13 13:54:45,33.194,-82.5271,282.9,75,19,5.51
326,Kathmandu,NP,2023-01-13 13:46:11,27.7167,85.3167,286.27,62,20,3.09
327,Miyako,JP,2023-01-13 13:54:45,39.6367,141.9525,282.16,63,100,1.65
328,Victoria,HK,2023-01-13 13:54:38,22.2855,114.1577,297.18,92,8,2.26
329,Aktau,KZ,2023-01-13 13:54:45,43.65,51.2,269.47,35,0,13.17
330,Xuanzhou,CN,2023-01-13 13:54:46,30.9525,118.7553,289.75,99,100,1.57
331,Chicama,PE,2023-01-13 13:54:46,-7.8447,-79.1469,290.45,69,99,2.15
332,Iskateley,RU,2023-01-13 13:54:47,67.6803,53.1512,264.95,92,100,6.46
333,Ambilobe,MG,2023-01-13 13:54:47,-13.2,49.05,300.16,80,100,1.34
334,Margate,GB,2023-01-13 13:54:47,51.3813,1.3862,284.21,65,86,3.13
335,Assiniboia,CA,2023-01-13 13:54:48,49.6334,-105.9845,268.05,86,63,1.54
336,Bakel,SN,2023-01-13 13:54:48,14.905,-12.4568,306.37,9,80,5.25
337,Tateyama,JP,2023-01-13 13:54:48,34.9833,139.8667,290.43,76,100,10.67
338,San Carlos De Bariloche,AR,2023-01-13 13:54:49,-41.1456,-71.3082,288.84,54,0,3.09
339,Ormond Beach,US,2023-01-13 13:54:49,29.2858,-81.0559,290.42,96,75,5.14
340,Amapa,BR,2023-01-13 13:54:49,1.0,-52.0,298.19,85,100,1.62
341,Durazno,UY,2023-01-13 13:54:50,-33.4131,-56.5006,296.12,60,100,1.03
342,Hungund,IN,2023-01-13 13:54:50,16.0667,76.05,298.28,25,2,3.17
343,Provideniya,RU,2023-01-13 13:54:50,64.3833,-173.3,255.11,97,21,4.08
344,Veraval,IN,2023-01-13 13:54:51,20.9,70.3667,293.0,62,0,5.08
345,Hailey,US,2023-01-13 13:54:51,43.5196,-114.3153,271.07,93,0,4.63
346,Forres,GB,2023-01-13 13:54:51,57.6113,-3.6108,280.49,85,40,5.66
347,Svetlogorsk,BY,2023-01-13 13:54:23,52.6333,29.7333,273.12,90,98,5.36
348,Juegang,CN,2023-01-13 13:54:52,32.3174,121.1855,285.92,94,100,5.05
349,Hammond,US,2023-01-13 13:54:52,41.5834,-87.5,273.37,81,100,10.29
350,Hasilpur,PK,2023-01-13 13:54:52,29.7122,72.5553,285.65,26,0,4.37
351,Charlottetown,CA,2023-01-13 13:51:31,46.2352,-63.1267,272.47,94,100,4.63
352,Honningsvag,NO,2023-01-13 13:54:53,70.9821,25.9704,275.01,87,75,4.12
353,Saravan,AM,2023-01-13 13:54:53,39.7196,45.6483,266.69,74,100,0.96
354,Anadyr,RU,2023-01-13 13:54:53,64.75,177.4833,243.53,98,38,1.88
355,Aromashevo,RU,2023-01-13 13:54:54,56.8602,68.6375,262.12,92,100,5.65
356,Chuy,UY,2023-01-13 13:54:54,-33.6971,-53.4616,295.86,67,100,2.6
357,Baykit,RU,2023-01-13 13:54:54,61.67,96.37,244.82,99,100,0.33
358,Cairns,AU,2023-01-13 13:54:55,-16.9167,145.7667,298.74,97,100,3.6
359,Tamworth,GB,2023-01-13 13:54:55,52.634,-1.6959,282.6,74,74,9.55
360,Masvingo,ZW,2023-01-13 13:54:55,-20.0637,30.8277,298.03,55,78,4.61
361,Pisco,PE,2023-01-13 13:54:56,-13.7,-76.2167,294.27,83,89,1.54
362,Wyndham,US,2023-01-13 13:54:56,37.6985,-77.6125,284.19,84,75,1.79
363,Tongliao,CN,2023-01-13 13:54:56,43.6125,122.2653,262.74,29,100,7.15
364,Cap Malheureux,MU,2023-01-13 13:54:57,-19.9842,57.6142,300.08,68,37,2.24
365,Kajiado,KE,2023-01-13 13:54:57,-1.8524,36.7768,298.1,27,3,7.9
366,Yeppoon,AU,2023-01-13 13:54:57,-23.1333,150.7333,294.03,66,100,5.88
367,Blythe,US,2023-01-13 13:54:58,33.6103,-114.5964,284.78,41,79,2.16
368,Dukat,RU,2023-01-13 13:54:58,62.55,155.55,243.05,95,100,2.22
369,Dzaoudzi,YT,2023-01-13 13:54:58,-12.7887,45.2699,298.09,94,75,2.57
370,Wattegama,LK,2023-01-13 13:55:59,6.7989,81.4808,294.96,84,68,2.58
371,Mayumba,GA,2023-01-13 13:55:59,-3.432,10.6554,300.3,71,90,2.99
372,Alice,US,2023-01-13 13:55:59,27.7523,-98.0697,278.46,70,0,4.12
373,Catalina Foothills,US,2023-01-13 13:56:00,32.2979,-110.9187,287.21,30,7,1.34
374,Priiskovyy,RU,2023-01-13 13:56:00,51.9333,116.6333,241.31,95,5,2.38
375,Am Timan,TD,2023-01-13 13:56:00,11.0297,20.2827,306.45,11,3,1.25
376,Kristiinankaupunki,FI,2023-01-13 13:56:01,62.2743,21.376,275.43,94,100,5.31
377,Dongsheng,CN,2023-01-13 13:56:01,39.8161,109.9776,260.14,60,100,9.84
378,Deputatskiy,RU,2023-01-13 13:56:01,69.3,139.9,233.68,96,98,2.38
379,Porto Santo,PT,2023-01-13 13:56:02,33.072,-16.3415,290.36,63,75,5.14
380,Tigil,RU,2023-01-13 13:56:03,57.8,158.6667,261.44,97,100,0.71
381,Itarema,BR,2023-01-13 13:56:03,-2.9248,-39.9167,304.15,52,95,6.68
382,Mehamn,NO,2023-01-13 13:56:04,71.0357,27.8492,275.12,75,20,7.72
383,Coyoles,MX,2023-01-13 13:56:04,19.4825,-96.6858,289.0,58,8,2.98
384,Moree,AU,2023-01-13 13:56:05,-29.4667,149.85,298.09,45,99,8.06
385,Peabiru,BR,2023-01-13 13:56:06,-23.9128,-52.3431,298.6,77,99,3.53
386,Lagoa,PT,2023-01-13 13:56:06,39.05,-27.9833,289.71,83,100,12.49
387,San Diego De Los Banos,CU,2023-01-13 13:56:07,22.6467,-83.3697,294.7,71,0,1.79
388,Fort Saint James,CA,2023-01-13 13:56:07,54.4333,-124.25,273.56,99,100,1.06
389,Srednekolymsk,RU,2023-01-13 13:56:08,67.45,153.6833,239.2,95,100,2.97
390,Jiazi,CN,2023-01-13 13:56:08,22.8779,116.067,294.71,94,51,1.91
391,Praia Da Vitoria,PT,2023-01-13 13:56:09,38.7333,-27.0667,291.29,82,75,12.48
392,Znamenka,RU,2023-01-13 13:56:09,52.4167,41.4311,264.04,94,98,5.36
393,Emba,KZ,2023-01-13 13:56:10,48.8264,58.1442,256.4,96,18,1.72
394,Paamiut,GL,2023-01-13 13:56:10,61.994,-49.6678,258.75,69,9,5.49
395,Panguipulli,CL,2023-01-13 13:56:11,-39.6333,-72.3333,289.62,52,18,2.02
396,Arica,CL,2023-01-13 13:56:11,-18.475,-70.3042,295.9,64,0,2.06
397,Dandong,CN,2023-01-13 13:56:12,40.1292,124.3947,271.88,66,100,8.47
398,San Antero,CO,2023-01-13 13:56:13,9.3741,-75.7589,299.64,81,23,2.67
399,Indianola,US,2023-01-13 13:56:13,41.3581,-93.5574,264.42,75,7,2.24
400,Linxia,CN,2023-01-13 13:56:14,35.6003,103.2064,263.6,55,100,2.65
401,Tomatlan,MX,2023-01-13 13:56:14,19.9333,-105.25,292.01,51,0,1.47
402,Lazaro Cardenas,MX,2023-01-13 13:56:15,17.9583,-102.2,295.05,79,9,2.59
403,Staroaleyskoye,RU,2023-01-13 13:56:16,51.0061,82.0,257.45,84,100,8.96
404,Tucumcari,US,2023-01-13 13:56:16,35.1717,-103.725,273.71,57,0,2.87
405,Murray Bridge,AU,2023-01-13 13:56:16,-35.1167,139.2667,297.78,46,1,1.0
406,Teya,RU,2023-01-13 13:56:20,60.3778,92.6267,253.62,99,100,1.1
407,Pemangkat,ID,2023-01-13 13:56:21,1.1667,108.9667,298.95,83,100,2.41
408,Fort Nelson,CA,2023-01-13 13:56:21,58.8053,-122.7002,259.92,85,100,1.03
409,Kalispell,US,2023-01-13 13:56:22,48.1958,-114.3129,270.19,94,89,0.46
410,Alekseyevsk,RU,2023-01-13 13:56:22,57.8406,108.3492,252.72,94,100,5.36
411,Luba,GQ,2023-01-13 13:56:23,3.4568,8.5547,303.09,75,29,2.67
412,Champerico,GT,2023-01-13 13:56:23,14.3,-91.9167,296.45,78,10,2.16
413,Klaksvik,FO,2023-01-13 13:53:52,62.2266,-6.589,274.66,65,100,7.4
414,Cochrane,CA,2023-01-13 13:56:25,51.1834,-114.4687,276.55,71,40,1.54
415,Sarkand,KZ,2023-01-13 13:57:25,45.41,79.9186,253.15,74,15,2.95
416,Eureka,US,2023-01-13 13:57:26,40.8021,-124.1637,285.72,95,100,2.68
417,Innisfail,AU,2023-01-13 13:57:26,-17.5333,146.0333,297.39,93,100,1.72
418,Kaitangata,NZ,2023-01-13 13:53:48,-46.2817,169.8464,282.11,93,99,1.59
419,Grimstad,NO,2023-01-13 13:57:27,58.3405,8.5934,279.1,96,100,3.22
420,Nuevo Casas Grandes,MX,2023-01-13 13:57:28,30.4167,-107.9167,277.82,34,1,1.9
421,Nantucket,US,2023-01-13 13:57:28,41.2835,-70.0995,285.23,93,100,13.94
422,Bolotnoye,RU,2023-01-13 13:57:29,55.6717,84.3981,259.7,92,100,7.03
423,Smithers,CA,2023-01-13 13:57:29,54.7804,-127.1743,272.33,100,100,1.03
424,Lakatoro,VU,2023-01-13 13:57:30,-16.0999,167.4164,299.56,83,71,3.37
425,Yokadouma,CM,2023-01-13 13:57:30,3.5167,15.05,308.04,14,100,1.44
426,Bacolod,PH,2023-01-13 13:56:03,10.6667,122.95,297.49,92,100,4.28
427,Muisne,EC,2023-01-13 13:57:31,0.6,-80.0333,298.23,83,100,2.85
428,Beian,NO,2023-01-13 13:57:31,63.6559,9.5683,275.38,86,0,2.06
429,Dunedin,NZ,2023-01-13 13:57:31,-45.8742,170.5036,287.48,78,100,1.64
430,Buala,SB,2023-01-13 13:57:32,-8.145,159.5921,298.97,85,100,1.04
431,Kiruna,SE,2023-01-13 13:57:32,67.8557,20.2251,262.66,85,0,4.12
432,Miles City,US,2023-01-13 13:57:33,46.4083,-105.8406,271.32,78,100,3.27
433,Vanderhoof,CA,2023-01-13 13:57:33,54.0166,-124.0198,274.01,100,100,1.27
434,Ponta Delgada,PT,2023-01-13 13:57:34,37.7333,-25.6667,291.55,88,40,6.17
435,Bay Roberts,CA,2023-01-13 13:57:34,47.5999,-53.2648,268.33,88,100,1.34
436,Tual,ID,2023-01-13 13:57:34,-5.6667,132.75,301.48,74,78,3.67
437,Sitka,US,2023-01-13 13:57:35,57.0531,-135.33,276.83,89,100,3.36
438,Flinders,AU,2023-01-13 13:57:35,-34.5833,150.8552,294.85,90,52,3.66
439,Pithoragarh,IN,2023-01-13 13:57:36,29.5833,80.2167,279.53,64,69,0.34
440,Hualmay,PE,2023-01-13 13:53:43,-11.0964,-77.6139,295.16,73,70,3.33
441,Watsa,CD,2023-01-13 13:57:36,3.0372,29.5355,298.54,41,95,0.92
442,Uusikaupunki,FI,2023-01-13 13:57:36,60.8004,21.4084,275.47,96,100,6.28
443,Isetskoye,RU,2023-01-13 13:57:37,56.4858,65.3226,264.3,83,100,6.92
444,Porto Novo,BJ,2023-01-13 13:57:37,6.4965,2.6036,305.05,40,22,5.29
445,Nadym,RU,2023-01-13 13:57:37,65.5333,72.5167,251.31,99,100,7.29
446,Khani,GE,2023-01-13 13:57:38,41.9563,42.9566,275.91,70,12,2.9
447,San Pedro De Lloc,PE,2023-01-13 13:57:38,-7.4328,-79.5058,294.16,74,100,2.76
448,Walvis Bay,NA,2023-01-13 13:57:38,-22.9575,14.5053,296.68,64,0,5.14
449,Gberia Fotombu,SL,2023-01-13 13:57:39,9.8833,-11.1667,307.26,12,12,2.12
450,Samsun,TR,2023-01-13 13:57:39,41.25,36.3333,284.32,42,99,0.82
451,Mega,ET,2023-01-13 13:57:39,4.05,38.3,298.39,16,7,7.27
452,Kamenka,RU,2023-01-13 13:57:39,51.3223,42.7678,263.38,91,90,4.79
453,Sinnamary,GF,2023-01-13 13:57:40,5.3833,-52.95,299.38,83,87,5.42
454,Olafsvik,IS,2023-01-13 13:57:40,64.8945,-23.7142,272.55,81,100,4.55
455,Burns Lake,CA,2023-01-13 13:57:41,54.2331,-125.7533,270.83,98,100,1.11
456,Vestmannaeyjar,IS,2023-01-13 13:57:41,63.4427,-20.2734,273.7,74,0,12.86
457,Nabire,ID,2023-01-13 13:57:41,-3.3667,135.4833,298.28,88,88,1.49
458,Anamur,TR,2023-01-13 13:56:46,36.0751,32.8369,284.89,63,100,6.39
459,Aswan,EG,2023-01-13 13:58:42,24.0934,32.907,293.34,26,41,4.26
460,Caravelas,BR,2023-01-13 13:58:42,-17.7125,-39.2481,302.58,60,51,4.67
461,Kasongo,CD,2023-01-13 13:58:43,-4.45,26.6667,299.97,59,24,1.34
462,Yerbogachen,RU,2023-01-13 13:58:43,61.2767,108.0108,239.94,98,100,2.06
463,Dodge City,US,2023-01-13 13:58:43,37.7528,-100.0171,269.4,86,2,0.89
464,Walla Walla,US,2023-01-13 13:58:43,46.0646,-118.343,283.99,67,100,2.24
465,Guarda,PT,2023-01-13 13:53:58,40.5373,-7.2658,283.83,70,15,1.9
466,Luanda,AO,2023-01-13 13:58:44,-8.8368,13.2343,302.15,65,75,3.09
467,Sorong,ID,2023-01-13 13:58:44,-0.8833,131.25,300.28,82,87,2.98
468,Samarai,PG,2023-01-13 13:57:56,-10.6167,150.6667,300.05,81,87,2.09
469,Miranda,CO,2023-01-13 13:58:45,3.2499,-76.2281,293.22,74,95,1.4
470,Toktogul,KG,2023-01-13 13:58:45,41.8708,72.9402,255.96,63,71,1.07
471,Nazareno,MX,2023-01-13 13:58:45,25.3833,-103.4167,278.25,46,0,1.55
472,Itaituba,BR,2023-01-13 13:58:46,-4.2761,-55.9836,301.24,83,40,0.0
473,Yangjiang,CN,2023-01-13 13:58:46,21.85,111.9667,293.11,97,27,1.1
474,Beringovskiy,RU,2023-01-13 13:58:46,63.05,179.3167,251.8,96,99,5.92
475,Sinazongwe,ZM,2023-01-13 13:58:47,-17.2614,27.4618,301.88,54,77,3.96
476,Marondera,ZW,2023-01-13 13:58:47,-18.1853,31.5519,294.65,56,99,2.05
477,Mahanje,TZ,2023-01-13 13:58:47,-9.9333,35.3333,293.6,90,100,0.23
478,Araouane,ML,2023-01-13 13:58:48,18.9048,-3.5265,300.24,8,64,4.23
479,Buchanan,LR,2023-01-13 13:58:48,5.8808,-10.0467,303.39,58,100,4.47
480,Jizan,SA,2023-01-13 13:58:48,17.3333,42.6667,301.67,65,90,3.24
481,Sorland,NO,2023-01-13 13:58:49,67.667,12.6934,277.07,66,10,1.82
482,Jinchang,CN,2023-01-13 13:58:49,38.4953,102.1739,261.09,51,98,3.91
483,Sandwick,GB,2023-01-13 13:58:49,60.0,-1.25,279.05,81,20,2.57
484,Chenghai,CN,2023-01-13 13:58:50,23.4632,116.768,293.1,100,100,3.0
485,Puerto Lumbreras,ES,2023-01-13 13:58:50,37.5633,-1.8097,292.03,28,19,0.96
486,Axim,GH,2023-01-13 13:58:51,4.8699,-2.2405,303.89,57,9,4.55
487,Swellendam,ZA,2023-01-13 13:58:51,-34.0226,20.4417,301.51,40,3,6.6
488,Laurel,US,2023-01-13 13:58:05,39.0993,-76.8483,281.4,79,100,4.92
489,Henties Bay,NA,2023-01-13 13:58:51,-22.116,14.2845,293.48,73,4,4.74
490,Arlit,NE,2023-01-13 13:58:52,18.7369,7.3853,299.53,9,96,2.18
491,Neuquen,AR,2023-01-13 13:58:52,-38.9516,-68.0591,296.09,35,0,2.06
492,Fairbanks,US,2023-01-13 13:55:38,64.8378,-147.7164,250.42,83,100,0.71
493,Afua,BR,2023-01-13 13:58:53,-0.1567,-50.3867,298.99,90,100,2.59
494,Ansalta,RU,2023-01-13 13:58:53,42.6894,46.1178,270.05,65,0,3.35
495,Fukue,JP,2023-01-13 13:58:54,32.6881,128.8419,290.85,94,100,5.19
496,Slantsy,RU,2023-01-13 13:58:54,59.1182,28.0914,275.26,97,100,4.66
497,Rio Grande,BR,2023-01-13 13:58:54,-32.035,-52.0986,296.21,71,99,4.84
498,Tawang,IN,2023-01-13 13:58:55,27.5833,91.8667,272.82,90,66,0.47
499,Bairiki,KI,2023-01-13 13:58:55,1.3292,172.9752,300.15,89,75,4.63
500,Kalevala,RU,2023-01-13 13:58:56,65.2,31.1667,274.11,96,100,4.72
501,Camacupa,AO,2023-01-13 13:58:56,-12.0167,17.4833,290.47,93,100,2.24
502,Lerwick,GB,2023-01-13 13:59:56,60.1545,-1.1494,279.15,75,89,9.05
503,Luganville,VU,2023-01-13 13:59:57,-15.5333,167.1667,299.06,86,77,2.51
504,Loknya,RU,2023-01-13 13:59:57,56.83,30.1467,274.27,89,100,5.72
505,Myitkyina,MM,2023-01-13 13:59:57,25.3833,97.4,290.37,59,22,0.98
506,Kismayo,SO,2023-01-13 13:59:58,-0.3582,42.5454,300.19,69,21,8.31
507,Imamoglu,TR,2023-01-13 13:59:58,37.2651,35.6572,286.99,34,100,4.19
508,Moussoro,TD,2023-01-13 13:59:58,13.6408,16.4901,302.28,11,30,5.46
509,Altea,ES,2023-01-13 13:59:58,38.5989,-0.0514,291.75,47,100,1.53
510,Nelson Bay,AU,2023-01-13 13:59:59,-32.7167,152.15,295.93,81,100,7.15
511,Lagos De Moreno,MX,2023-01-13 13:56:49,21.35,-101.9167,279.97,58,0,2.02
512,Ouro Preto Do Oeste,BR,2023-01-13 13:59:59,-10.7481,-62.2158,299.29,81,100,4.18
513,Vernon,CA,2023-01-13 13:59:59,50.2581,-119.2691,276.65,93,100,0.51
514,Pushkino,RU,2023-01-13 14:00:00,56.0172,37.8667,267.31,92,97,4.55
515,Rawson,AR,2023-01-13 14:00:00,-43.3002,-65.1023,296.3,37,3,1.92
516,Petauke,ZM,2023-01-13 14:00:01,-14.2426,31.3253,296.26,76,78,1.67
517,Kastamonu,TR,2023-01-13 14:00:01,41.5,33.6667,280.5,64,100,1.28
518,Posse,BR,2023-01-13 14:00:02,-14.0931,-46.3694,298.97,70,100,2.07
519,Tommot,RU,2023-01-13 14:00:05,58.9564,126.2925,243.37,93,100,3.38
520,Praia,CV,2023-01-13 14:00:06,14.9215,-23.5087,296.54,64,6,6.45
521,Maceio,BR,2023-01-13 14:00:12,-9.6658,-35.7353,303.84,62,75,5.66
522,Hami,CN,2023-01-13 14:00:21,42.8,93.45,260.91,65,0,2.23
523,Lata,PT,2023-01-13 14:00:26,40.1629,-8.3327,290.97,61,78,0.58
524,Houma,US,2023-01-13 14:00:33,29.5958,-90.7195,281.48,74,100,6.17
525,Nolinsk,RU,2023-01-13 14:00:34,57.5596,49.9363,264.75,89,100,7.18
526,Tucuman,AR,2023-01-13 14:00:20,-26.8241,-65.2226,292.4,76,100,2.27
527,Luena,AO,2023-01-13 14:00:35,-11.7833,19.9167,290.96,94,100,3.9
528,Rosetta,EG,2023-01-13 14:00:35,31.4044,30.4164,289.31,73,57,7.85
529,Moshupa,BW,2023-01-13 14:00:36,-24.7782,25.4155,305.88,13,11,3.95
530,Sagar,IN,2023-01-13 14:00:36,23.8333,78.7167,291.88,56,1,2.4
531,Port Hedland,AU,2023-01-13 14:00:37,-20.3167,118.5667,302.18,79,84,3.6
532,Sindang,ID,2023-01-13 14:00:37,-7.0047,108.335,294.51,91,62,2.02
533,Inhambane,MZ,2023-01-13 14:00:38,-23.865,35.3833,301.55,72,10,5.17
534,Roebourne,AU,2023-01-13 14:00:38,-20.7833,117.1333,305.07,40,6,2.85
535,Sampit,ID,2023-01-13 14:00:39,-2.5333,112.95,298.08,89,98,1.35
536,Beihai,CN,2023-01-13 14:00:40,21.4833,109.1,292.88,98,80,2.82
537,Ngaoundere,CM,2023-01-13 14:00:40,7.3167,13.5833,303.05,14,2,3.18
538,Fevik,NO,2023-01-13 14:00:40,58.3794,8.6766,279.02,96,100,2.93
539,Novo Aripuana,BR,2023-01-13 14:00:41,-5.1206,-60.3797,301.72,71,100,1.28
540,Nogliki,RU,2023-01-13 14:00:41,51.8333,143.1667,254.03,84,100,9.0
541,Leningradskiy,RU,2023-01-13 14:00:42,69.3833,178.4167,249.27,99,97,1.75
542,Ciudad Guayana,VE,2023-01-13 14:00:42,8.3533,-62.6528,300.21,68,76,2.95
543,Bhitarwar,IN,2023-01-13 14:00:43,25.8,78.1167,291.25,39,2,3.33
544,Kosh-Agach,RU,2023-01-13 14:00:43,50.0,88.6667,242.57,85,100,1.62
545,Kaihua,CN,2023-01-13 14:00:44,23.3687,104.28,285.65,71,0,2.55
546,Porgera,PG,2023-01-13 14:00:44,-5.4667,143.2,279.06,99,100,0.52
547,Ambon,ID,2023-01-13 14:01:45,-3.6954,128.1814,299.23,89,20,2.06
548,Banjar,ID,2023-01-13 14:01:45,-8.19,114.9675,298.46,89,98,0.96
549,Barranca,PE,2023-01-13 14:01:46,-10.75,-77.7667,294.6,73,77,2.64
550,Bosaso,SO,2023-01-13 14:01:46,11.2842,49.1816,298.7,69,32,6.46
551,Marfino,RU,2023-01-13 14:01:47,55.7028,37.3822,268.8,79,100,6.0
552,Djambala,CG,2023-01-13 14:01:47,-2.5447,14.7533,299.63,59,99,0.29
553,La Palma,US,2023-01-13 14:01:47,33.8464,-118.0467,288.91,66,0,1.54
554,Obanazawa,JP,2023-01-13 14:01:48,38.6033,140.4019,279.34,83,100,0.34
555,Puerto Padre,CU,2023-01-13 14:01:48,21.195,-76.6028,297.19,78,4,2.67
556,Turayf,SA,2023-01-13 14:01:48,31.6725,38.6637,283.93,55,100,2.88
557,Yaan,NG,2023-01-13 14:01:49,7.3833,8.5667,308.79,11,11,3.44
558,Halmstad,SE,2023-01-13 14:01:49,56.6745,12.8568,280.21,93,75,8.75
559,Port Hardy,CA,2023-01-13 14:01:50,50.6996,-127.4199,280.89,94,100,4.69
560,Stykkisholmur,IS,2023-01-13 14:01:50,65.0757,-22.7297,268.05,85,100,2.51
561,Ciudad Bolivar,VE,2023-01-13 14:01:50,8.1222,-63.5497,301.06,63,57,4.93
562,Shimanovsk,RU,2023-01-13 14:01:51,52.0,127.7,246.58,69,0,6.87
563,Quimper,FR,2023-01-13 14:01:51,48.0,-4.1,285.46,82,100,4.63
564,Kodinsk,RU,2023-01-13 14:01:51,58.6881,99.1844,255.76,98,100,1.5
565,Narwar,IN,2023-01-13 14:01:52,25.65,77.9,290.24,38,3,3.49
566,Namtsy,RU,2023-01-13 14:01:52,62.7161,129.6658,221.06,100,95,1.05
567,Brae,GB,2023-01-13 14:01:53,60.3964,-1.353,279.37,73,94,8.5
568,Springfield,US,2023-01-13 13:50:26,37.2153,-93.2982,270.46,88,100,4.63
569,Tornio,FI,2023-01-13 14:01:54,65.8481,24.1466,273.16,96,24,3.21
570,Dalbandin,PK,2023-01-13 14:01:54,28.8947,64.4101,273.47,26,0,6.74
571,Ouadda,CF,2023-01-13 14:01:54,8.0777,22.4007,307.58,14,24,2.02
572,Alvorada,BR,2023-01-13 14:01:55,-12.48,-49.1247,301.61,70,61,1.5
573,High Rock,BS,2023-01-13 14:01:55,26.6208,-78.2833,297.17,59,0,8.77
574,Puerto Carreno,CO,2023-01-13 14:01:56,6.189,-67.4859,301.34,63,100,4.58
575,Grindavik,IS,2023-01-13 14:01:56,63.8424,-22.4338,270.41,74,75,7.2
576,Oropesa,PE,2023-01-13 14:01:56,-13.5928,-71.7719,287.84,63,62,1.81
577,Mersing,MY,2023-01-13 14:01:56,2.4312,103.8405,298.39,87,100,0.67
578,Tamandare,BR,2023-01-13 14:01:57,-8.7597,-35.1047,302.33,65,42,4.55
579,Haines Junction,CA,2023-01-13 14:01:57,60.7522,-137.5108,261.55,99,100,0.09
580,Pacific Grove,US,2023-01-13 13:59:32,36.6177,-121.9166,287.32,75,100,2.68
581,Lubango,AO,2023-01-13 14:01:58,-14.9172,13.4925,292.27,73,100,0.51
582,Villa Carlos Paz,AR,2023-01-13 14:01:58,-31.4241,-64.4978,294.16,10,1,0.89
583,Ossora,RU,2023-01-13 14:01:58,59.2353,163.0719,257.88,80,100,3.01
584,Muravlenko,RU,2023-01-13 14:01:59,63.7898,74.523,251.52,99,100,5.19
585,Bandarbeyla,SO,2023-01-13 14:01:59,9.4942,50.8122,298.49,66,47,8.51
586,Camocim,BR,2023-01-13 14:02:00,-2.9022,-40.8411,304.54,51,97,6.08
587,Roma,US,2023-01-13 14:02:00,43.2128,-75.4557,276.46,94,100,4.63
